dataset,n,m,metodo,tiempo,costo,tp
sol_optimas,666,221445.0,TABU_CICLOS 160 25 300,31790.9,326009,TSP_INS
sol_optimas,666,221445.0,TABU_ESTRUCTURA 160 25 300,4527.88,326381,TSP_INS
sol_optimas,107,5671.0,TABU_CICLOS 160 25 300,354.309,46182,TSP_INS
sol_optimas,107,5671.0,TABU_ESTRUCTURA 160 25 300,110.812,46694,TSP_INS
sol_optimas,99,4851.0,TABU_CICLOS 160 25 300,268.387,1267,TSP_INS
sol_optimas,99,4851.0,TABU_ESTRUCTURA 160 25 300,95.6244,1267,TSP_INS
sol_optimas,200,19900.0,TABU_CICLOS 160 25 300,1708.71,31559,TSP_INS
sol_optimas,200,19900.0,TABU_ESTRUCTURA 160 25 300,397.591,32303,TSP_INS
sol_optimas,654,213531.0,TABU_CICLOS 160 25 300,23699.3,38066,TSP_INS
sol_optimas,654,213531.0,TABU_ESTRUCTURA 160 25 300,4391.69,38132,TSP_INS
sol_optimas,574,164451.0,TABU_CICLOS 160 25 300,15893.2,41097,TSP_INS
sol_optimas,574,164451.0,TABU_ESTRUCTURA 160 25 300,3411.6,41236,TSP_INS
sol_optimas,152,11476.0,TABU_CICLOS 160 25 300,891.827,79367,TSP_INS
sol_optimas,152,11476.0,TABU_ESTRUCTURA 160 25 300,216.502,79375,TSP_INS
sol_optimas,127,8001.0,TABU_CICLOS 160 25 300,581.205,127558,TSP_INS
sol_optimas,127,8001.0,TABU_ESTRUCTURA 160 25 300,155.011,127190,TSP_INS
sol_optimas,29,406.0,TABU_CICLOS 160 25 300,22.5255,2035,TSP_INS
sol_optimas,29,406.0,TABU_ESTRUCTURA 160 25 300,8.71883,2071,TSP_INS
sol_optimas,1060,561270.0,TABU_CICLOS 160 25 300,89657.4,252067,TSP_INS
sol_optimas,1060,561270.0,TABU_ESTRUCTURA 160 25 300,13892.7,252898,TSP_INS
sol_optimas,76,2850.0,TABU_CICLOS 160 25 300,157.138,110054,TSP_INS
sol_optimas,76,2850.0,TABU_ESTRUCTURA 160 25 300,55.3744,110956,TSP_INS
sol_optimas,100,4950.0,TABU_CICLOS 160 25 300,317.056,23555,TSP_INS
sol_optimas,100,4950.0,TABU_ESTRUCTURA 160 25 300,98.7428,23555,TSP_INS
sol_optimas,150,11175.0,TABU_CICLOS 160 25 300,740.306,7003,TSP_INS
sol_optimas,150,11175.0,TABU_ESTRUCTURA 160 25 300,214.596,7105,TSP_INS
sol_optimas,264,34716.0,TABU_CICLOS 160 25 300,3033.21,55682,TSP_INS
sol_optimas,264,34716.0,TABU_ESTRUCTURA 160 25 300,695.099,56074,TSP_INS
sol_optimas,202,20301.0,TABU_CICLOS 160 25 300,1590.54,42615,TSP_INS
sol_optimas,202,20301.0,TABU_ESTRUCTURA 160 25 300,416.342,43292,TSP_INS
sol_optimas,532,141246.0,TABU_CICLOS 160 25 300,15467.5,30567,TSP_INS
sol_optimas,532,141246.0,TABU_ESTRUCTURA 160 25 300,3031.27,30638,TSP_INS
sol_optimas,42,861.0,TABU_CICLOS 160 25 300,45.4536,704,TSP_INS
sol_optimas,42,861.0,TABU_ESTRUCTURA 160 25 300,17.1613,727,TSP_INS
sol_optimas,150,11175.0,TABU_CICLOS 160 25 300,698.607,28255,TSP_INS
sol_optimas,150,11175.0,TABU_ESTRUCTURA 160 25 300,213.079,28164,TSP_INS
sol_optimas,76,2850.0,TABU_CICLOS 160 25 300,167.467,565,TSP_INS
sol_optimas,76,2850.0,TABU_ESTRUCTURA 160 25 300,55.2398,561,TSP_INS
sol_optimas,225,25200.0,TABU_CICLOS 160 25 300,2327.89,135414,TSP_INS
sol_optimas,225,25200.0,TABU_ESTRUCTURA 160 25 300,486.575,136934,TSP_INS
sol_optimas,200,19900.0,TABU_CICLOS 160 25 300,1817.86,32725,TSP_INS
sol_optimas,200,19900.0,TABU_ESTRUCTURA 160 25 300,397.989,33100,TSP_INS
sol_optimas,144,10296.0,TABU_CICLOS 160 25 300,636.728,58938,TSP_INS
sol_optimas,144,10296.0,TABU_ESTRUCTURA 160 25 300,197.484,59005,TSP_INS
sol_optimas,724,261726.0,TABU_CICLOS 160 25 300,30370.4,46829,TSP_INS
sol_optimas,724,261726.0,TABU_ESTRUCTURA 160 25 300,5582.52,47425,TSP_INS
sol_optimas,561,157080.0,TABU_CICLOS 160 25 300,15040.3,2997,TSP_INS
sol_optimas,561,157080.0,TABU_ESTRUCTURA 160 25 300,3326.16,3038,TSP_INS
sol_optimas,318,50403.0,TABU_CICLOS 160 25 300,5545.56,44625,TSP_INS
sol_optimas,318,50403.0,TABU_ESTRUCTURA 160 25 300,965.532,45281,TSP_INS
sol_optimas,1000,499500.0,TABU_CICLOS 160 25 300,61506.5,20884398,TSP_INS
sol_optimas,1000,499500.0,TABU_ESTRUCTURA 160 25 300,12460.3,20912736,TSP_INS
sol_optimas,150,11175.0,TABU_CICLOS 160 25 300,677.468,28230,TSP_INS
sol_optimas,150,11175.0,TABU_ESTRUCTURA 160 25 300,219.515,28893,TSP_INS
sol_optimas,100,4950.0,TABU_CICLOS 160 25 300,374.79,23654,TSP_INS
sol_optimas,100,4950.0,TABU_ESTRUCTURA 160 25 300,99.2871,23367,TSP_INS
sol_optimas,14,91.0,TABU_CICLOS 160 25 300,4.21903,3323,TSP_INS
sol_optimas,14,91.0,TABU_ESTRUCTURA 160 25 300,1.7455,3323,TSP_INS
sol_optimas,159,12561.0,TABU_CICLOS 160 25 300,782.708,45937,TSP_INS
sol_optimas,159,12561.0,TABU_ESTRUCTURA 160 25 300,238.283,47473,TSP_INS
sol_optimas,229,26106.0,TABU_CICLOS 160 25 300,2193.4,142478,TSP_INS
sol_optimas,229,26106.0,TABU_ESTRUCTURA 160 25 300,498.681,145804,TSP_INS
sol_optimas,137,9316.0,TABU_CICLOS 160 25 300,697.635,76380,TSP_INS
sol_optimas,137,9316.0,TABU_ESTRUCTURA 160 25 300,179.041,76658,TSP_INS
sol_optimas,100,4950.0,TABU_CICLOS 160 25 300,295.767,21826,TSP_INS
sol_optimas,100,4950.0,TABU_ESTRUCTURA 160 25 300,100.448,21638,TSP_INS
sol_optimas,130,8385.0,TABU_CICLOS 160 25 300,620.874,6383,TSP_INS
sol_optimas,130,8385.0,TABU_ESTRUCTURA 160 25 300,164.988,6501,TSP_INS
sol_optimas,136,9180.0,TABU_CICLOS 160 25 300,585.825,99249,TSP_INS
sol_optimas,136,9180.0,TABU_ESTRUCTURA 160 25 300,180.68,101760,TSP_INS
sol_optimas,280,39060.0,TABU_CICLOS 160 25 300,3801.98,2779,TSP_INS
sol_optimas,280,39060.0,TABU_ESTRUCTURA 160 25 300,767.814,2848,TSP_INS
sol_optimas,51,1275.0,TABU_CICLOS 160 25 300,70.9024,445,TSP_INS
sol_optimas,51,1275.0,TABU_ESTRUCTURA 160 25 300,26.2613,444,TSP_INS
sol_optimas,105,5460.0,TABU_CICLOS 160 25 300,371.786,15545,TSP_INS
sol_optimas,105,5460.0,TABU_ESTRUCTURA 160 25 300,106.667,15347,TSP_INS
sol_optimas,195,18915.0,TABU_CICLOS 160 25 300,1520.71,2556,TSP_INS
sol_optimas,195,18915.0,TABU_ESTRUCTURA 160 25 300,380.129,2592,TSP_INS
sol_optimas,262,34191.0,TABU_CICLOS 160 25 300,3168.82,2615,TSP_INS
sol_optimas,262,34191.0,TABU_ESTRUCTURA 160 25 300,697.614,2633,TSP_INS
sol_optimas,657,215496.0,TABU_CICLOS 160 25 300,19338.2,54643,TSP_INS
sol_optimas,657,215496.0,TABU_ESTRUCTURA 160 25 300,4511.37,54940,TSP_INS
sol_optimas,29,406.0,TABU_CICLOS 160 25 300,27.2545,1618,TSP_INS
sol_optimas,29,406.0,TABU_ESTRUCTURA 160 25 300,9.23418,1643,TSP_INS
sol_optimas,431,92665.0,TABU_CICLOS 160 25 300,7460.29,184470,TSP_INS
sol_optimas,431,92665.0,TABU_ESTRUCTURA 160 25 300,1802.86,184940,TSP_INS
sol_optimas,417,86736.0,TABU_CICLOS 160 25 300,8141.01,12569,TSP_INS
sol_optimas,417,86736.0,TABU_ESTRUCTURA 160 25 300,1694.93,12674,TSP_INS
sol_optimas,299,44551.0,TABU_CICLOS 160 25 300,4237.54,54011,TSP_INS
sol_optimas,299,44551.0,TABU_ESTRUCTURA 160 25 300,872.131,54428,TSP_INS
sol_optimas,1002,501501.0,TABU_CICLOS 160 25 300,78931.6,285220,TSP_INS
sol_optimas,1002,501501.0,TABU_ESTRUCTURA 160 25 300,11319.6,287399,TSP_INS
sol_optimas,225,25200.0,TABU_CICLOS 160 25 300,2132.7,4137,TSP_INS
sol_optimas,225,25200.0,TABU_ESTRUCTURA 160 25 300,483.87,4178,TSP_INS
sol_optimas,16,120.0,TABU_CICLOS 160 25 300,12.598,6859,TSP_INS
sol_optimas,16,120.0,TABU_ESTRUCTURA 160 25 300,2.61604,6875,TSP_INS
sol_optimas,101,5050.0,TABU_CICLOS 160 25 300,341.909,653,TSP_INS
sol_optimas,101,5050.0,TABU_ESTRUCTURA 160 25 300,100.105,658,TSP_INS
sol_optimas,1084,586986.0,TABU_CICLOS 160 25 300,82588.4,262018,TSP_INS
sol_optimas,1084,586986.0,TABU_ESTRUCTURA 160 25 300,15839.3,262621,TSP_INS
sol_optimas,124,7626.0,TABU_CICLOS 160 25 300,609.602,60134,TSP_INS
sol_optimas,124,7626.0,TABU_ESTRUCTURA 160 25 300,147.295,60959,TSP_INS
sol_optimas,52,1326.0,TABU_CICLOS 160 25 300,82.1607,8004,TSP_INS
sol_optimas,52,1326.0,TABU_ESTRUCTURA 160 25 300,27.55,7968,TSP_INS
sol_optimas,198,19503.0,TABU_CICLOS 160 25 300,1553.42,16563,TSP_INS
sol_optimas,198,19503.0,TABU_ESTRUCTURA 160 25 300,391.855,16970,TSP_INS
sol_optimas,439,96141.0,TABU_CICLOS 160 25 300,10467.6,120273,TSP_INS
sol_optimas,439,96141.0,TABU_ESTRUCTURA 160 25 300,1913.93,121490,TSP_INS
sol_optimas,70,2415.0,TABU_CICLOS 160 25 300,140.433,692,TSP_INS
sol_optimas,70,2415.0,TABU_ESTRUCTURA 160 25 300,47.9846,692,TSP_INS
sol_optimas,442,97461.0,TABU_CICLOS 160 25 300,12739.0,55060,TSP_INS
sol_optimas,442,97461.0,TABU_ESTRUCTURA 160 25 300,1967.94,55582,TSP_INS
sol_optimas,96,4560.0,TABU_CICLOS 160 25 300,332.426,59180,TSP_INS
sol_optimas,96,4560.0,TABU_ESTRUCTURA 160 25 300,91.3434,58158,TSP_INS
sol_optimas,783,306153.0,TABU_CICLOS 160 25 300,51021.1,9672,TSP_INS
sol_optimas,783,306153.0,TABU_ESTRUCTURA 160 25 300,7083.57,9713,TSP_INS
sol_optimas,120,7140.0,TABU_CICLOS 160 25 300,409.123,7342,TSP_INS
sol_optimas,120,7140.0,TABU_ESTRUCTURA 160 25 300,138.287,7184,TSP_INS
sol_optimas,226,25425.0,TABU_CICLOS 160 25 300,2751.2,86156,TSP_INS
sol_optimas,226,25425.0,TABU_ESTRUCTURA 160 25 300,486.637,87897,TSP_INS
sol_optimas,400,79800.0,TABU_CICLOS 160 25 300,8216.04,16568,TSP_INS
sol_optimas,400,79800.0,TABU_ESTRUCTURA 160 25 300,1630.12,16963,TSP_INS
sol_optimas,100,4950.0,TABU_CICLOS 160 25 300,316.194,22783,TSP_INS
sol_optimas,100,4950.0,TABU_ESTRUCTURA 160 25 300,97.1416,22108,TSP_INS
sol_optimas,535,142845.0,TABU_CICLOS 160 25 300,14802.5,222273,TSP_INS
sol_optimas,535,142845.0,TABU_ESTRUCTURA 160 25 300,3128.63,222273,TSP_INS
sol_optimas,318,50403.0,TABU_CICLOS 160 25 300,5457.04,44625,TSP_INS
sol_optimas,318,50403.0,TABU_ESTRUCTURA 160 25 300,962.932,45281,TSP_INS
sol_optimas,575,165025.0,TABU_CICLOS 160 25 300,19788.7,7289,TSP_INS
sol_optimas,575,165025.0,TABU_ESTRUCTURA 160 25 300,3435.92,7353,TSP_INS
sol_optimas,100,4950.0,TABU_CICLOS 160 25 300,290.128,23708,TSP_INS
sol_optimas,100,4950.0,TABU_ESTRUCTURA 160 25 300,97.3651,22981,TSP_INS
sol_optimas,48,1128.0,TABU_CICLOS 160 25 300,65.8239,10883,TSP_INS
sol_optimas,48,1128.0,TABU_ESTRUCTURA 160 25 300,22.9227,10845,TSP_INS
sol_optimas,22,231.0,TABU_CICLOS 160 25 300,12.9911,7013,TSP_INS
sol_optimas,22,231.0,TABU_ESTRUCTURA 160 25 300,5.73281,7100,TSP_INS
sol_optimas,493,121278.0,TABU_CICLOS 160 25 300,13006.1,38212,TSP_INS
sol_optimas,493,121278.0,TABU_ESTRUCTURA 160 25 300,2378.76,38507,TSP_INS
sol_optimas,100,4950.0,TABU_CICLOS 160 25 300,329.955,8664,TSP_INS
sol_optimas,100,4950.0,TABU_ESTRUCTURA 160 25 300,98.1878,8493,TSP_INS
grafo-euleriano,9,36.0,TABU_CICLOS 160 25 300,1.92635,2999,TSP_INS
grafo-euleriano,9,36.0,TABU_ESTRUCTURA 160 25 300,0.700909,2999,TSP_INS
grafo-euleriano,12,66.0,TABU_CICLOS 160 25 300,3.86449,4578,TSP_INS
grafo-euleriano,12,66.0,TABU_ESTRUCTURA 160 25 300,1.39969,4578,TSP_INS
grafo-euleriano,15,105.0,TABU_CICLOS 160 25 300,7.60059,3418,TSP_INS
grafo-euleriano,15,105.0,TABU_ESTRUCTURA 160 25 300,2.74689,3420,TSP_INS
grafo-euleriano,18,153.0,TABU_CICLOS 160 25 300,10.949,9044,TSP_INS
grafo-euleriano,18,153.0,TABU_ESTRUCTURA 160 25 300,5.69261,9173,TSP_INS
grafo-euleriano,21,210.0,TABU_CICLOS 160 25 300,14.7406,10413,TSP_INS
grafo-euleriano,21,210.0,TABU_ESTRUCTURA 160 25 300,5.90513,10486,TSP_INS
grafo-euleriano,24,276.0,TABU_CICLOS 160 25 300,19.6672,9491,TSP_INS
grafo-euleriano,24,276.0,TABU_ESTRUCTURA 160 25 300,7.77254,9584,TSP_INS
grafo-euleriano,27,351.0,TABU_CICLOS 160 25 300,23.9672,11191,TSP_INS
grafo-euleriano,27,351.0,TABU_ESTRUCTURA 160 25 300,9.30792,11364,TSP_INS
grafo-euleriano,30,435.0,TABU_CICLOS 160 25 300,26.2985,11823,TSP_INS
grafo-euleriano,30,435.0,TABU_ESTRUCTURA 160 25 300,9.15844,11892,TSP_INS
grafo-euleriano,33,528.0,TABU_CICLOS 160 25 300,32.0343,9441,TSP_INS
grafo-euleriano,33,528.0,TABU_ESTRUCTURA 160 25 300,13.191,9487,TSP_INS
grafo-euleriano,36,630.0,TABU_CICLOS 160 25 300,34.6462,9459,TSP_INS
grafo-euleriano,36,630.0,TABU_ESTRUCTURA 160 25 300,13.5448,9516,TSP_INS
grafo-euleriano,39,741.0,TABU_CICLOS 160 25 300,39.6687,9180,TSP_INS
grafo-euleriano,39,741.0,TABU_ESTRUCTURA 160 25 300,15.4412,9306,TSP_INS
grafo-euleriano,42,861.0,TABU_CICLOS 160 25 300,44.524,22013,TSP_INS
grafo-euleriano,42,861.0,TABU_ESTRUCTURA 160 25 300,17.9861,22076,TSP_INS
grafo-euleriano,45,990.0,TABU_CICLOS 160 25 300,51.8185,14099,TSP_INS
grafo-euleriano,45,990.0,TABU_ESTRUCTURA 160 25 300,20.7725,14086,TSP_INS
grafo-euleriano,48,1128.0,TABU_CICLOS 160 25 300,59.4914,19546,TSP_INS
grafo-euleriano,48,1128.0,TABU_ESTRUCTURA 160 25 300,24.8084,19742,TSP_INS
grafo-euleriano,51,1275.0,TABU_CICLOS 160 25 300,72.0213,23399,TSP_INS
grafo-euleriano,51,1275.0,TABU_ESTRUCTURA 160 25 300,27.4896,23629,TSP_INS
grafo-euleriano,54,1431.0,TABU_CICLOS 160 25 300,72.9322,18905,TSP_INS
grafo-euleriano,54,1431.0,TABU_ESTRUCTURA 160 25 300,29.5656,18970,TSP_INS
grafo-euleriano,57,1596.0,TABU_CICLOS 160 25 300,86.706,27578,TSP_INS
grafo-euleriano,57,1596.0,TABU_ESTRUCTURA 160 25 300,32.8005,27644,TSP_INS
grafo-euleriano,60,1770.0,TABU_CICLOS 160 25 300,91.3312,24710,TSP_INS
grafo-euleriano,60,1770.0,TABU_ESTRUCTURA 160 25 300,36.4184,24799,TSP_INS
grafo-euleriano,63,1953.0,TABU_CICLOS 160 25 300,116.417,32603,TSP_INS
grafo-euleriano,63,1953.0,TABU_ESTRUCTURA 160 25 300,38.6468,32715,TSP_INS
grafo-euleriano,66,2145.0,TABU_CICLOS 160 25 300,110.513,19566,TSP_INS
grafo-euleriano,66,2145.0,TABU_ESTRUCTURA 160 25 300,45.4048,19601,TSP_INS
grafo-euleriano,69,2346.0,TABU_CICLOS 160 25 300,126.875,32360,TSP_INS
grafo-euleriano,69,2346.0,TABU_ESTRUCTURA 160 25 300,50.1733,32405,TSP_INS
grafo-euleriano,72,2556.0,TABU_CICLOS 160 25 300,129.616,24641,TSP_INS
grafo-euleriano,72,2556.0,TABU_ESTRUCTURA 160 25 300,51.5481,24735,TSP_INS
grafo-euleriano,75,2775.0,TABU_CICLOS 160 25 300,147.709,37870,TSP_INS
grafo-euleriano,75,2775.0,TABU_ESTRUCTURA 160 25 300,53.8954,37903,TSP_INS
grafo-euleriano,78,3003.0,TABU_CICLOS 160 25 300,152.294,34600,TSP_INS
grafo-euleriano,78,3003.0,TABU_ESTRUCTURA 160 25 300,58.8164,34654,TSP_INS
grafo-euleriano,81,3240.0,TABU_CICLOS 160 25 300,188.576,39934,TSP_INS
grafo-euleriano,81,3240.0,TABU_ESTRUCTURA 160 25 300,62.0381,40015,TSP_INS
grafo-euleriano,84,3486.0,TABU_CICLOS 160 25 300,177.494,31036,TSP_INS
grafo-euleriano,84,3486.0,TABU_ESTRUCTURA 160 25 300,67.4574,31093,TSP_INS
grafo-euleriano,87,3741.0,TABU_CICLOS 160 25 300,202.829,33198,TSP_INS
grafo-euleriano,87,3741.0,TABU_ESTRUCTURA 160 25 300,72.161,33186,TSP_INS
grafo-euleriano,90,4005.0,TABU_CICLOS 160 25 300,233.984,30508,TSP_INS
grafo-euleriano,90,4005.0,TABU_ESTRUCTURA 160 25 300,76.8234,30425,TSP_INS
grafo-euleriano,93,4278.0,TABU_CICLOS 160 25 300,222.019,46742,TSP_INS
grafo-euleriano,93,4278.0,TABU_ESTRUCTURA 160 25 300,85.9285,46897,TSP_INS
grafo-euleriano,96,4560.0,TABU_CICLOS 160 25 300,245.492,20599,TSP_INS
grafo-euleriano,96,4560.0,TABU_ESTRUCTURA 160 25 300,92.3479,20649,TSP_INS
grafo-euleriano,99,4851.0,TABU_CICLOS 160 25 300,257.87,23052,TSP_INS
grafo-euleriano,99,4851.0,TABU_ESTRUCTURA 160 25 300,97.8787,23030,TSP_INS
grafo-euleriano,102,5151.0,TABU_CICLOS 160 25 300,277.587,30946,TSP_INS
grafo-euleriano,102,5151.0,TABU_ESTRUCTURA 160 25 300,102.497,31082,TSP_INS
grafo-euleriano,105,5460.0,TABU_CICLOS 160 25 300,289.008,52405,TSP_INS
grafo-euleriano,105,5460.0,TABU_ESTRUCTURA 160 25 300,107.624,52526,TSP_INS
grafo-euleriano,108,5778.0,TABU_CICLOS 160 25 300,309.667,36111,TSP_INS
grafo-euleriano,108,5778.0,TABU_ESTRUCTURA 160 25 300,115.229,36185,TSP_INS
grafo-euleriano,111,6105.0,TABU_CICLOS 160 25 300,322.569,23560,TSP_INS
grafo-euleriano,111,6105.0,TABU_ESTRUCTURA 160 25 300,119.887,23661,TSP_INS
grafo-euleriano,114,6441.0,TABU_CICLOS 160 25 300,353.803,47783,TSP_INS
grafo-euleriano,114,6441.0,TABU_ESTRUCTURA 160 25 300,126.061,47779,TSP_INS
grafo-euleriano,117,6786.0,TABU_CICLOS 160 25 300,382.343,44754,TSP_INS
grafo-euleriano,117,6786.0,TABU_ESTRUCTURA 160 25 300,131.736,44782,TSP_INS
grafo-euleriano,120,7140.0,TABU_CICLOS 160 25 300,379.369,54088,TSP_INS
grafo-euleriano,120,7140.0,TABU_ESTRUCTURA 160 25 300,138.981,54529,TSP_INS
grafo-euleriano,123,7503.0,TABU_CICLOS 160 25 300,430.661,31750,TSP_INS
grafo-euleriano,123,7503.0,TABU_ESTRUCTURA 160 25 300,145.166,31868,TSP_INS
grafo-euleriano,126,7875.0,TABU_CICLOS 160 25 300,461.458,35331,TSP_INS
grafo-euleriano,126,7875.0,TABU_ESTRUCTURA 160 25 300,151.01,35469,TSP_INS
grafo-euleriano,129,8256.0,TABU_CICLOS 160 25 300,461.279,42330,TSP_INS
grafo-euleriano,129,8256.0,TABU_ESTRUCTURA 160 25 300,164.014,42390,TSP_INS
grafo-euleriano,132,8646.0,TABU_CICLOS 160 25 300,528.053,34881,TSP_INS
grafo-euleriano,132,8646.0,TABU_ESTRUCTURA 160 25 300,170.413,35042,TSP_INS
grafo-euleriano,135,9045.0,TABU_CICLOS 160 25 300,511.219,43438,TSP_INS
grafo-euleriano,135,9045.0,TABU_ESTRUCTURA 160 25 300,176.399,43637,TSP_INS
grafo-euleriano,138,9453.0,TABU_CICLOS 160 25 300,516.327,32516,TSP_INS
grafo-euleriano,138,9453.0,TABU_ESTRUCTURA 160 25 300,182.586,32671,TSP_INS
grafo-euleriano,141,9870.0,TABU_CICLOS 160 25 300,589.113,63460,TSP_INS
grafo-euleriano,141,9870.0,TABU_ESTRUCTURA 160 25 300,191.573,63664,TSP_INS
grafo-euleriano,144,10296.0,TABU_CICLOS 160 25 300,620.038,43440,TSP_INS
grafo-euleriano,144,10296.0,TABU_ESTRUCTURA 160 25 300,197.599,43538,TSP_INS
grafo-euleriano,147,10731.0,TABU_CICLOS 160 25 300,600.242,61547,TSP_INS
grafo-euleriano,147,10731.0,TABU_ESTRUCTURA 160 25 300,203.854,61793,TSP_INS
grafo-euleriano,150,11175.0,TABU_CICLOS 160 25 300,714.675,60591,TSP_INS
grafo-euleriano,150,11175.0,TABU_ESTRUCTURA 160 25 300,212.814,60969,TSP_INS
grafo-euleriano,153,11628.0,TABU_CICLOS 160 25 300,691.742,38110,TSP_INS
grafo-euleriano,153,11628.0,TABU_ESTRUCTURA 160 25 300,220.687,38287,TSP_INS
grafo-euleriano,156,12090.0,TABU_CICLOS 160 25 300,780.354,48093,TSP_INS
grafo-euleriano,156,12090.0,TABU_ESTRUCTURA 160 25 300,228.057,48335,TSP_INS
grafo-euleriano,159,12561.0,TABU_CICLOS 160 25 300,702.896,53478,TSP_INS
grafo-euleriano,159,12561.0,TABU_ESTRUCTURA 160 25 300,237.982,53845,TSP_INS
grafo-euleriano,162,13041.0,TABU_CICLOS 160 25 300,749.482,66599,TSP_INS
grafo-euleriano,162,13041.0,TABU_ESTRUCTURA 160 25 300,245.505,66993,TSP_INS
grafo-euleriano,165,13530.0,TABU_CICLOS 160 25 300,741.271,76312,TSP_INS
grafo-euleriano,165,13530.0,TABU_ESTRUCTURA 160 25 300,254.154,76583,TSP_INS
grafo-euleriano,168,14028.0,TABU_CICLOS 160 25 300,869.182,39394,TSP_INS
grafo-euleriano,168,14028.0,TABU_ESTRUCTURA 160 25 300,266.043,39501,TSP_INS
grafo-euleriano,171,14535.0,TABU_CICLOS 160 25 300,809.214,35705,TSP_INS
grafo-euleriano,171,14535.0,TABU_ESTRUCTURA 160 25 300,270.937,35908,TSP_INS
grafo-euleriano,174,15051.0,TABU_CICLOS 160 25 300,874.511,57634,TSP_INS
grafo-euleriano,174,15051.0,TABU_ESTRUCTURA 160 25 300,282.129,57738,TSP_INS
grafo-euleriano,177,15576.0,TABU_CICLOS 160 25 300,1003.3,51384,TSP_INS
grafo-euleriano,177,15576.0,TABU_ESTRUCTURA 160 25 300,290.83,51707,TSP_INS
grafo-euleriano,180,16110.0,TABU_CICLOS 160 25 300,1098.58,61923,TSP_INS
grafo-euleriano,180,16110.0,TABU_ESTRUCTURA 160 25 300,299.509,62095,TSP_INS
grafo-euleriano,183,16653.0,TABU_CICLOS 160 25 300,943.707,90198,TSP_INS
grafo-euleriano,183,16653.0,TABU_ESTRUCTURA 160 25 300,343.162,90278,TSP_INS
grafo-euleriano,186,17205.0,TABU_CICLOS 160 25 300,1073.26,64953,TSP_INS
grafo-euleriano,186,17205.0,TABU_ESTRUCTURA 160 25 300,352.354,65119,TSP_INS
grafo-euleriano,189,17766.0,TABU_CICLOS 160 25 300,1059.85,73639,TSP_INS
grafo-euleriano,189,17766.0,TABU_ESTRUCTURA 160 25 300,359.491,73845,TSP_INS
grafo-euleriano,192,18336.0,TABU_CICLOS 160 25 300,1256.67,45318,TSP_INS
grafo-euleriano,192,18336.0,TABU_ESTRUCTURA 160 25 300,371.821,45485,TSP_INS
grafo-euleriano,195,18915.0,TABU_CICLOS 160 25 300,1092.68,58643,TSP_INS
grafo-euleriano,195,18915.0,TABU_ESTRUCTURA 160 25 300,380.55,58791,TSP_INS
grafo-euleriano,198,19503.0,TABU_CICLOS 160 25 300,1103.59,57238,TSP_INS
grafo-euleriano,198,19503.0,TABU_ESTRUCTURA 160 25 300,408.893,57404,TSP_INS
grafo-euleriano,201,20100.0,TABU_CICLOS 160 25 300,1145.39,54161,TSP_INS
grafo-euleriano,201,20100.0,TABU_ESTRUCTURA 160 25 300,402.733,54355,TSP_INS
grafo-euleriano,204,20706.0,TABU_CICLOS 160 25 300,1302.73,68334,TSP_INS
grafo-euleriano,204,20706.0,TABU_ESTRUCTURA 160 25 300,412.69,68513,TSP_INS
grafo-euleriano,207,21321.0,TABU_CICLOS 160 25 300,1445.4,44386,TSP_INS
grafo-euleriano,207,21321.0,TABU_ESTRUCTURA 160 25 300,424.998,44559,TSP_INS
grafo-euleriano,210,21945.0,TABU_CICLOS 160 25 300,1289.5,44152,TSP_INS
grafo-euleriano,210,21945.0,TABU_ESTRUCTURA 160 25 300,438.562,44298,TSP_INS
grafo-euleriano,213,22578.0,TABU_CICLOS 160 25 300,1277.13,59171,TSP_INS
grafo-euleriano,213,22578.0,TABU_ESTRUCTURA 160 25 300,448.935,59312,TSP_INS
grafo-euleriano,216,23220.0,TABU_CICLOS 160 25 300,1323.86,94800,TSP_INS
grafo-euleriano,216,23220.0,TABU_ESTRUCTURA 160 25 300,455.998,95056,TSP_INS
grafo-euleriano,219,23871.0,TABU_CICLOS 160 25 300,1574.17,89724,TSP_INS
grafo-euleriano,219,23871.0,TABU_ESTRUCTURA 160 25 300,469.317,89971,TSP_INS
grafo-euleriano,222,24531.0,TABU_CICLOS 160 25 300,1421.27,65587,TSP_INS
grafo-euleriano,222,24531.0,TABU_ESTRUCTURA 160 25 300,477.573,65675,TSP_INS
grafo-euleriano,225,25200.0,TABU_CICLOS 160 25 300,1728.19,76610,TSP_INS
grafo-euleriano,225,25200.0,TABU_ESTRUCTURA 160 25 300,493.957,76795,TSP_INS
grafo-euleriano,228,25878.0,TABU_CICLOS 160 25 300,1726.25,52686,TSP_INS
grafo-euleriano,228,25878.0,TABU_ESTRUCTURA 160 25 300,498.171,52768,TSP_INS
grafo-euleriano,231,26565.0,TABU_CICLOS 160 25 300,1603.77,117487,TSP_INS
grafo-euleriano,231,26565.0,TABU_ESTRUCTURA 160 25 300,510.458,117565,TSP_INS
grafo-euleriano,234,27261.0,TABU_CICLOS 160 25 300,1696.9,70572,TSP_INS
grafo-euleriano,234,27261.0,TABU_ESTRUCTURA 160 25 300,540.318,70656,TSP_INS
grafo-euleriano,237,27966.0,TABU_CICLOS 160 25 300,1804.75,69056,TSP_INS
grafo-euleriano,237,27966.0,TABU_ESTRUCTURA 160 25 300,540.431,69179,TSP_INS
grafo-euleriano,240,28680.0,TABU_CICLOS 160 25 300,1955.02,119654,TSP_INS
grafo-euleriano,240,28680.0,TABU_ESTRUCTURA 160 25 300,552.959,119982,TSP_INS
grafo-euleriano,243,29403.0,TABU_CICLOS 160 25 300,1724.02,95570,TSP_INS
grafo-euleriano,243,29403.0,TABU_ESTRUCTURA 160 25 300,566.989,95957,TSP_INS
grafo-euleriano,246,30135.0,TABU_CICLOS 160 25 300,1838.27,100717,TSP_INS
grafo-euleriano,246,30135.0,TABU_ESTRUCTURA 160 25 300,572.573,100849,TSP_INS
grafo-euleriano,249,30876.0,TABU_CICLOS 160 25 300,1860.18,102258,TSP_INS
grafo-euleriano,249,30876.0,TABU_ESTRUCTURA 160 25 300,588.651,102357,TSP_INS
grafo-euleriano,252,31626.0,TABU_CICLOS 160 25 300,1858.38,85246,TSP_INS
grafo-euleriano,252,31626.0,TABU_ESTRUCTURA 160 25 300,598.15,85371,TSP_INS
grafo-euleriano,255,32385.0,TABU_CICLOS 160 25 300,2167.62,106343,TSP_INS
grafo-euleriano,255,32385.0,TABU_ESTRUCTURA 160 25 300,610.619,106321,TSP_INS
grafo-euleriano,258,33153.0,TABU_CICLOS 160 25 300,1931.33,112377,TSP_INS
grafo-euleriano,258,33153.0,TABU_ESTRUCTURA 160 25 300,674.502,112580,TSP_INS
grafo-euleriano,261,33930.0,TABU_CICLOS 160 25 300,2479.37,61265,TSP_INS
grafo-euleriano,261,33930.0,TABU_ESTRUCTURA 160 25 300,688.309,61334,TSP_INS
grafo-euleriano,264,34716.0,TABU_CICLOS 160 25 300,2328.25,110352,TSP_INS
grafo-euleriano,264,34716.0,TABU_ESTRUCTURA 160 25 300,701.765,110557,TSP_INS
grafo-euleriano,267,35511.0,TABU_CICLOS 160 25 300,2729.01,99151,TSP_INS
grafo-euleriano,267,35511.0,TABU_ESTRUCTURA 160 25 300,724.201,99165,TSP_INS
grafo-euleriano,270,36315.0,TABU_CICLOS 160 25 300,2645.25,108463,TSP_INS
grafo-euleriano,270,36315.0,TABU_ESTRUCTURA 160 25 300,731.103,108698,TSP_INS
grafo-euleriano,273,37128.0,TABU_CICLOS 160 25 300,2683.01,120901,TSP_INS
grafo-euleriano,273,37128.0,TABU_ESTRUCTURA 160 25 300,742.309,121032,TSP_INS
grafo-euleriano,276,37950.0,TABU_CICLOS 160 25 300,2511.19,56614,TSP_INS
grafo-euleriano,276,37950.0,TABU_ESTRUCTURA 160 25 300,758.561,56626,TSP_INS
grafo-euleriano,279,38781.0,TABU_CICLOS 160 25 300,2700.44,87667,TSP_INS
grafo-euleriano,279,38781.0,TABU_ESTRUCTURA 160 25 300,778.49,87894,TSP_INS
grafo-euleriano,282,39621.0,TABU_CICLOS 160 25 300,2984.98,128634,TSP_INS
grafo-euleriano,282,39621.0,TABU_ESTRUCTURA 160 25 300,790.932,128801,TSP_INS
grafo-euleriano,285,40470.0,TABU_CICLOS 160 25 300,2646.21,87639,TSP_INS
grafo-euleriano,285,40470.0,TABU_ESTRUCTURA 160 25 300,802.206,87773,TSP_INS
grafo-euleriano,288,41328.0,TABU_CICLOS 160 25 300,2741.73,106548,TSP_INS
grafo-euleriano,288,41328.0,TABU_ESTRUCTURA 160 25 300,822.183,106735,TSP_INS
grafo-euleriano,291,42195.0,TABU_CICLOS 160 25 300,2653.62,75797,TSP_INS
grafo-euleriano,291,42195.0,TABU_ESTRUCTURA 160 25 300,840.358,76015,TSP_INS
grafo-euleriano,294,43071.0,TABU_CICLOS 160 25 300,2804.98,115270,TSP_INS
grafo-euleriano,294,43071.0,TABU_ESTRUCTURA 160 25 300,870.7,115361,TSP_INS
grafo-euleriano,297,43956.0,TABU_CICLOS 160 25 300,2871.18,72647,TSP_INS
grafo-euleriano,297,43956.0,TABU_ESTRUCTURA 160 25 300,876.187,72846,TSP_INS
grafo-euleriano,300,44850.0,TABU_CICLOS 160 25 300,2997.41,129642,TSP_INS
grafo-euleriano,300,44850.0,TABU_ESTRUCTURA 160 25 300,884.806,129840,TSP_INS
grafo-euleriano,303,45753.0,TABU_CICLOS 160 25 300,3099.13,93688,TSP_INS
grafo-euleriano,303,45753.0,TABU_ESTRUCTURA 160 25 300,916.886,93792,TSP_INS
grafo-euleriano,306,46665.0,TABU_CICLOS 160 25 300,3109.46,88388,TSP_INS
grafo-euleriano,306,46665.0,TABU_ESTRUCTURA 160 25 300,916.034,88502,TSP_INS
